{
    "cameraMatrix": [
        [
            1180.0365059782132,
            0.0,
            652.4502975516815
        ],
        [
            0.0,
            1178.2447023222965,
            371.4320413360063
        ],
        [
            0.0,
            0.0,
            1.0
        ]
    ],
    "distortionCoefficients": [
        [
            -0.10752778910691643,
            1.4326679344796276,
            0.0020380587038586126,
            -0.004412903639324692,
            -5.989447176739001
        ]
    ]
}