{
    "cameraMatrix": [
        [
            1180.0365059782382,
            0.0,
            652.4502975516547
        ],
        [
            0.0,
            1178.24470232232,
            371.43204133605167
        ],
        [
            0.0,
            0.0,
            1.0
        ]
    ],
    "distortionCoefficients": [
        [
            -0.1075277891069018,
            1.4326679344795392,
            0.0020380587038675195,
            -0.004412903639331312,
            -5.989447176738658
        ]
    ]
}