{
    "cameraMatrix": [
        [
            1180.0365060995703,
            0.0,
            652.4502974682235
        ],
        [
            0.0,
            1178.2447024380979,
            371.432041551822
        ],
        [
            0.0,
            0.0,
            1.0
        ]
    ],
    "distortionCoefficients": [
        [
            -0.10752778974119767,
            1.432667940894657,
            0.0020380587473303887,
            -0.004412903659203222,
            -5.9894471889618845
        ]
    ]
}