{
    "left": {
        "aspectRatio": 1.003173536553808,
        "fieldOfView": {
            "horizontal": 56.89521328807498,
            "vertical": 33.793230658996244
        },
        "focalLength": 3.5436141852910463,
        "principalPoint": [
            1.9577112681236861,
            1.1280131574336285
        ]
    },
    "right": {
        "aspectRatio": 1.0012533555533916,
        "fieldOfView": {
            "horizontal": 57.40118769868951,
            "vertical": 34.196938008012644
        },
        "focalLength": 3.5064692618960844,
        "principalPoint": [
            1.962493934185649,
            1.0957515660918782
        ]
    }
}