{
    "left": {
        "aspectRatio": 1.0022338198571927,
        "fieldOfView": {
            "horizontal": 57.23465487513464,
            "vertical": 34.05485233620482
        },
        "focalLength": 3.5185486667776575,
        "principalPoint": [
            1.9652226052036668,
            1.0968988541419993
        ]
    },
    "right": {
        "aspectRatio": 1.0034233705048288,
        "fieldOfView": {
            "horizontal": 56.853793445997695,
            "vertical": 33.75814076270407
        },
        "focalLength": 3.546647738026039,
        "principalPoint": [
            1.9593212518959173,
            1.127614314074417
        ]
    }
}