{
    "left": {
        "aspectRatio": 1.0005772010901979,
        "fieldOfView": {
            "horizontal": 33.78381602435278,
            "vertical": 56.700666331637855
        },
        "focalLength": 6.321490584421973,
        "principalPoint": [
            2.010407341352235,
            1.0545981246408744
        ]
    },
    "right": {
        "aspectRatio": 1.0023762830757852,
        "fieldOfView": {
            "horizontal": 34.179767402625785,
            "vertical": 57.20073748118572
        },
        "focalLength": 6.244765657946397,
        "principalPoint": [
            1.9583379838279622,
            1.0545716886287282
        ]
    }
}