{
    "left": {
        "cameraMatrix": [
            [
                590.6023642151745,
                0.0,
                326.2852113539477
            ],
            [
                0.0,
                592.4766624067767,
                188.00219290560474
            ],
            [
                0.0,
                0.0,
                1.0
            ]
        ],
        "distortionCoeffs": [
            [
                0.002802493765920006,
                -0.1312881507766897,
                -0.0008983900190112506,
                -0.0007243159968194689,
                0.25899704598321155
            ]
        ]
    },
    "right": {
        "cameraMatrix": [
            [
                584.4115436493474,
                0.0,
                327.0823223642749
            ],
            [
                0.0,
                585.1440191030465,
                182.62526101531301
            ],
            [
                0.0,
                0.0,
                1.0
            ]
        ],
        "distortionCoeffs": [
            [
                -0.022928116255652827,
                -0.0046215611107247095,
                0.0003819842132893112,
                -0.002871768545017145,
                0.08319880529006903
            ]
        ]
    }
}