{
    "left": {
        "cameraMatrix": [
            [
                589.0073385127725,
                0.0,
                326.3818855299254
            ],
            [
                0.0,
                590.2879984987411,
                182.87065972169992
            ],
            [
                0.0,
                0.0,
                1.0
            ]
        ],
        "distortionCoeffs": [
            [
                -0.08247385385256466,
                0.6243679214246721,
                0.000848401933703817,
                -0.0023745852198293537,
                -1.7407630085846157
            ]
        ]
    },
    "right": {
        "cameraMatrix": [
            [
                594.8211967752219,
                0.0,
                325.7608494681749
            ],
            [
                0.0,
                596.8930794717836,
                188.94687761388667
            ],
            [
                0.0,
                0.0,
                1.0
            ]
        ],
        "distortionCoeffs": [
            [
                -0.0038391322970112315,
                -0.07382292993425033,
                -0.0017499713424770633,
                -0.0017421698326262702,
                0.09310309688131911
            ]
        ]
    }
}