{
    "left": {
        "cameraMatrix": [
            [
                592.63974228956,
                0.0,
                188.47568825177206
            ],
            [
                0.0,
                592.9818145949041,
                312.47351841211093
            ],
            [
                0.0,
                0.0,
                1.0
            ]
        ],
        "distortionCoeffs": [
            [
                0.01688684386683953,
                -0.1725537189764127,
                0.0007494477323625888,
                -0.0002145479366446309,
                0.32680456693228277
            ]
        ]
    },
    "right": {
        "cameraMatrix": [
            [
                585.4467804324747,
                0.0,
                183.59418598387145
            ],
            [
                0.0,
                586.8379677085893,
                312.46568551962315
            ],
            [
                0.0,
                0.0,
                1.0
            ]
        ],
        "distortionCoeffs": [
            [
                0.007210272424328378,
                -0.14694214982848985,
                0.00319588213347222,
                0.0008657199964787282,
                0.292373614016634
            ]
        ]
    }
}