{
    "left": {
        "cameraMatrix": [
            [
                586.4247777962763,
                0.0,
                327.53710086727784
            ],
            [
                0.0,
                587.7347451096675,
                182.8164756903332
            ],
            [
                0.0,
                0.0,
                1.0
            ]
        ],
        "distortionCoeffs": [
            [
                -0.02694740533912919,
                0.09183501286043264,
                0.00019649004513213014,
                -0.0021161829207205917,
                -0.2393380485942597
            ]
        ]
    },
    "right": {
        "cameraMatrix": [
            [
                591.1079563376733,
                0.0,
                326.5535419826529
            ],
            [
                0.0,
                593.1315378805692,
                187.93571901240284
            ],
            [
                0.0,
                0.0,
                1.0
            ]
        ],
        "distortionCoeffs": [
            [
                0.0011025832105726577,
                -0.08662313458395457,
                -0.001424579816292602,
                -7.52056526199204e-05,
                0.15087938658057237
            ]
        ]
    }
}