{
    "essentialMatrix": [
        [
            1.5014685156131227,
            1.1836285819232555,
            -33.0673941524325
        ],
        [
            1.7068889277918562,
            -0.0678452389897913,
            0.8967470537610336
        ],
        [
            33.04778870714505,
            -0.7285368148659995,
            1.4311350084124932
        ]
    ],
    "fundamentalMatrix": [
        [
            1.6770341720637493e-06,
            1.3178472024273785e-06,
            -0.022608222647223206
        ],
        [
            1.9040877494613215e-06,
            -7.544405225629058e-08,
            -1.628338725649573e-05
        ],
        [
            0.020675561493533622,
            -0.0008913118976978345,
            1.0
        ]
    ],
    "grayImageSizeL": [
        360,
        640
    ],
    "grayImageSizeR": [
        360,
        640
    ],
    "imageSizeL": [
        360,
        640,
        3
    ],
    "imageSizeR": [
        360,
        640,
        3
    ],
    "left": {
        "cameraMatrix": [
            [
                590.6023642151745,
                0.0,
                326.2852113539477
            ],
            [
                0.0,
                592.4766624067767,
                188.00219290560474
            ],
            [
                0.0,
                0.0,
                1.0
            ]
        ],
        "distortionCoeffs": [
            [
                0.002802493765920006,
                -0.1312881507766897,
                -0.0008983900190112506,
                -0.0007243159968194689,
                0.25899704598321155
            ]
        ]
    },
    "right": {
        "cameraMatrix": [
            [
                584.4115436493474,
                0.0,
                327.0823223642749
            ],
            [
                0.0,
                585.1440191030465,
                182.62526101531301
            ],
            [
                0.0,
                0.0,
                1.0
            ]
        ],
        "distortionCoeffs": [
            [
                -0.022928116255652827,
                -0.0046215611107247095,
                0.0003819842132893112,
                -0.002871768545017145,
                0.08319880529006903
            ]
        ]
    },
    "stereoRotationMatrix": [
        [
            0.9989626490963209,
            0.002711621740501864,
            0.04545627369238758
        ],
        [
            -0.0067145571612869034,
            0.9960853310505491,
            0.08814152249675407
        ],
        [
            -0.04503932096056312,
            -0.08835530755678704,
            0.9950702483714188
        ]
    ],
    "stereoTranslationMatrix": [
        [
            -0.8214436822066875
        ],
        [
            -33.07658510203231
        ],
        [
            1.745697093903701
        ]
    ]
}