{
    "dispToDepthMatrix": [
        [
            1.0,
            0.0,
            0.0,
            -350.7550163269043
        ],
        [
            0.0,
            1.0,
            0.0,
            -185.20811080932617
        ],
        [
            0.0,
            0.0,
            0.0,
            460.81472266715093
        ],
        [
            0.0,
            0.0,
            0.012362832728967736,
            -0.0
        ]
    ],
    "left": {
        "projectionMatrix": [
            [
                460.81472266715093,
                0.0,
                350.7550163269043,
                0.0
            ],
            [
                0.0,
                460.81472266715093,
                185.20811080932617,
                0.0
            ],
            [
                0.0,
                0.0,
                1.0,
                0.0
            ]
        ],
        "rotationMatrix": [
            [
                0.9980882976682741,
                -0.0349662531639504,
                -0.05096186022233794
            ],
            [
                0.032612420112677155,
                0.9983946180320304,
                -0.046310006899915705
            ],
            [
                0.052499334396169536,
                0.04455948635644847,
                0.9976263188507051
            ]
        ]
    },
    "right": {
        "projectionMatrix": [
            [
                460.81472266715093,
                0.0,
                350.7550163269043,
                -37274.20185726543
            ],
            [
                0.0,
                460.81472266715093,
                185.20811080932617,
                0.0
            ],
            [
                0.0,
                0.0,
                1.0,
                0.0
            ]
        ],
        "rotationMatrix": [
            [
                0.9997631248577553,
                -0.015863004822243735,
                -0.014901652682360635
            ],
            [
                0.016524022493700566,
                0.9988351213175787,
                0.04533604639936709
            ],
            [
                0.014165128142163471,
                -0.04557154266104408,
                0.998860642754638
            ]
        ]
    }
}