{
    "dispToDepthMatrix": [
        [
            1.0,
            0.0,
            0.0,
            -273.12559509277344
        ],
        [
            0.0,
            1.0,
            0.0,
            -194.05894374847412
        ],
        [
            0.0,
            0.0,
            0.0,
            363.3685757189969
        ],
        [
            0.0,
            0.0,
            -0.24369010540114833,
            0.0
        ]
    ],
    "left": {
        "projectionMatrix": [
            [
                363.3685757189969,
                0.0,
                273.12559509277344,
                0.0
            ],
            [
                0.0,
                363.3685757189969,
                194.05894374847412,
                0.0
            ],
            [
                0.0,
                0.0,
                1.0,
                0.0
            ]
        ],
        "rotationMatrix": [
            [
                0.9496585803551114,
                0.31321659281211334,
                -0.0066292341250886455
            ],
            [
                -0.31325694384291997,
                0.9490638234930564,
                -0.03388135284982117
            ],
            [
                -0.004320635613898671,
                0.03425237106991624,
                0.9994038759100252
            ]
        ]
    },
    "right": {
        "projectionMatrix": [
            [
                363.3685757189969,
                0.0,
                273.12559509277344,
                1491.1092722490348
            ],
            [
                0.0,
                363.3685757189969,
                194.05894374847412,
                0.0
            ],
            [
                0.0,
                0.0,
                1.0,
                0.0
            ]
        ],
        "rotationMatrix": [
            [
                0.9403071154564834,
                0.305108788288824,
                0.15076855086798874
            ],
            [
                -0.3102030342945969,
                0.9506075341858321,
                0.01092673160450667
            ],
            [
                -0.13998787853358174,
                -0.057043345431850245,
                0.9885087003186214
            ]
        ]
    }
}