{
    "alpha": 1,
    "essentialMatrix": [
        [
            0.17445066412110077,
            -0.501588858541788,
            1.2916449479236092
        ],
        [
            0.09018196609757301,
            -0.35577290830278513,
            -3.8906304663439712
        ],
        [
            -1.2705070790156734,
            3.848262852820057,
            -0.18224880289693066
        ]
    ],
    "fundamentalMatrix": [
        [
            -2.5217028378617963e-06,
            7.234789733782478e-06,
            -0.01149726891545234
        ],
        [
            -1.2990649708840614e-06,
            5.113765386551333e-06,
            0.03249931534073625
        ],
        [
            0.0119910046628548,
            -0.03633940171572724,
            0.9999999999999999
        ]
    ],
    "grayImageSizeL": [
        360,
        640
    ],
    "grayImageSizeR": [
        360,
        640
    ],
    "imageSizeL": [
        360,
        640,
        3
    ],
    "imageSizeR": [
        360,
        640,
        3
    ],
    "left": {
        "cameraMatrix": [
            [
                589.0073385127725,
                0.0,
                326.3818855299254
            ],
            [
                0.0,
                590.2879984987411,
                182.87065972169992
            ],
            [
                0.0,
                0.0,
                1.0
            ]
        ],
        "distortionCoeffs": [
            [
                -0.08247385385256466,
                0.6243679214246721,
                0.000848401933703817,
                -0.0023745852198293537,
                -1.7407630085846157
            ]
        ]
    },
    "right": {
        "cameraMatrix": [
            [
                594.8211967752219,
                0.0,
                325.7608494681749
            ],
            [
                0.0,
                596.8930794717836,
                188.94687761388667
            ],
            [
                0.0,
                0.0,
                1.0
            ]
        ],
        "distortionCoeffs": [
            [
                -0.0038391322970112315,
                -0.07382292993425033,
                -0.0017499713424770633,
                -0.0017421698326262702,
                0.09310309688131911
            ]
        ]
    },
    "stereoRotationMatrix": [
        [
            0.9907488114696459,
            -0.0046776036473344575,
            -0.13562784594471164
        ],
        [
            -0.007788768703066414,
            0.9957984863057691,
            -0.09123984739810352
        ],
        [
            0.1354847875356275,
            0.09145214429010141,
            0.9865497339978194
        ]
    ],
    "stereoTranslationMatrix": [
        [
            3.858618362483798
        ],
        [
            1.2520360142918896
        ],
        [
            0.6186896698977681
        ]
    ]
}