{
    "essentialMatrix": [
        [
            0.03280324836833172,
            -1.0843862438254814,
            1.3864772977826638
        ],
        [
            4.361814037067961,
            7.280367280065206,
            80.43090192702192
        ],
        [
            -2.4424135889714806,
            -80.50233799712319,
            7.400057765426544
        ]
    ],
    "fundamentalMatrix": [
        [
            1.0486741469296189e-08,
            -3.4674418564773095e-07,
            0.00031631062638403393
        ],
        [
            1.3901711331880367e-06,
            2.3208971117225973e-06,
            0.013956708766799462
        ],
        [
            -0.0007219866328664147,
            -0.015442810931526796,
            1.0
        ]
    ],
    "grayImageSizeL": [
        360,
        640
    ],
    "grayImageSizeR": [
        360,
        640
    ],
    "imageSizeL": [
        360,
        640,
        3
    ],
    "imageSizeR": [
        360,
        640,
        3
    ],
    "left": {
        "cameraMatrix": [
            [
                578.6483154296875,
                0.0,
                326.0455893008766
            ],
            [
                0.0,
                578.5131225585938,
                182.4144906394722
            ],
            [
                0.0,
                0.0,
                1.0
            ]
        ],
        "distortionCoeffs": [
            [
                -0.02694740533912919,
                0.09183501286043264,
                0.00019649004513213014,
                -0.0021161829207205917,
                -0.2393380485942597
            ]
        ]
    },
    "right": {
        "cameraMatrix": [
            [
                587.4554443359375,
                0.0,
                325.9968431878224
            ],
            [
                0.0,
                589.2471923828125,
                186.94064647544292
            ],
            [
                0.0,
                0.0,
                1.0
            ]
        ],
        "distortionCoeffs": [
            [
                0.0011025832105726577,
                -0.08662313458395457,
                -0.001424579816292602,
                -7.52056526199204e-05,
                0.15087938658057237
            ]
        ]
    },
    "stereoRotationMatrix": [
        [
            0.9991344235234072,
            -0.017829284567619546,
            -0.03758351157563138
        ],
        [
            0.014349275463657439,
            0.9957556347339492,
            -0.09091102347492326
        ],
        [
            0.0390448719323915,
            0.0902930368710501,
            0.9951495693956695
        ]
    ],
    "stereoTranslationMatrix": [
        [
            -80.86845036050512
        ],
        [
            1.2831205574006035
        ],
        [
            1.205359079836433
        ]
    ]
}