{
    "dispToDepthMatrix": [
        [
            1.0,
            0.0,
            0.0,
            -191.25469589233398
        ],
        [
            0.0,
            1.0,
            0.0,
            -313.36907958984375
        ],
        [
            0.0,
            0.0,
            0.0,
            616.7142098734935
        ],
        [
            0.0,
            0.0,
            0.029791363698104662,
            -0.0
        ]
    ],
    "left": {
        "projectionMatrix": [
            [
                616.7142098734935,
                0.0,
                191.25469589233398,
                0.0
            ],
            [
                0.0,
                616.7142098734935,
                313.36907958984375,
                0.0
            ],
            [
                0.0,
                0.0,
                1.0,
                0.0
            ]
        ],
        "rotationMatrix": [
            [
                0.9988311804276122,
                0.03317450061421265,
                0.03515288771325099
            ],
            [
                -0.03243992186241671,
                0.9992474404987588,
                -0.021265091728936876
            ],
            [
                -0.03583189187222921,
                0.020099879742859303,
                0.999155678740395
            ]
        ]
    },
    "right": {
        "projectionMatrix": [
            [
                616.7142098734935,
                0.0,
                191.25469589233398,
                -20701.107076636745
            ],
            [
                0.0,
                616.7142098734935,
                313.36907958984375,
                0.0
            ],
            [
                0.0,
                0.0,
                1.0,
                0.0
            ]
        ],
        "rotationMatrix": [
            [
                0.9981994060976985,
                0.03083560202335858,
                -0.051450085656477136
            ],
            [
                -0.029764090119354582,
                0.9993264662065962,
                0.021464223219203507
            ],
            [
                0.05207729453004187,
                -0.01989420988362947,
                0.998444878702644
            ]
        ]
    }
}