{
    "dispToDepthMatrix": [
        [
            1.0,
            0.0,
            0.0,
            -325.4723243713379
        ],
        [
            0.0,
            1.0,
            0.0,
            -190.5614013671875
        ],
        [
            0.0,
            0.0,
            0.0,
            718.265435720206
        ],
        [
            0.0,
            0.0,
            0.030181568569341215,
            -0.0
        ]
    ],
    "left": {
        "projectionMatrix": [
            [
                718.265435720206,
                0.0,
                325.4723243713379,
                0.0
            ],
            [
                0.0,
                718.265435720206,
                190.5614013671875,
                0.0
            ],
            [
                0.0,
                0.0,
                1.0,
                0.0
            ]
        ],
        "rotationMatrix": [
            [
                0.9995372746159984,
                -0.021244623785012698,
                0.021769304386122502
            ],
            [
                0.0204366024793805,
                0.9991176759807197,
                0.03669080023637551
            ],
            [
                -0.022529579053372453,
                -0.03622893185175498,
                0.9990895268015568
            ]
        ]
    },
    "right": {
        "projectionMatrix": [
            [
                718.265435720206,
                0.0,
                325.4723243713379,
                0.0
            ],
            [
                0.0,
                718.265435720206,
                190.5614013671875,
                -23798.14800115552
            ],
            [
                0.0,
                0.0,
                1.0,
                0.0
            ]
        ],
        "rotationMatrix": [
            [
                0.9994323477954588,
                -0.025954128648896752,
                -0.02147941773265189
            ],
            [
                0.02479245882037682,
                0.9983032212966384,
                -0.05268787654095555
            ],
            [
                0.022810439840063666,
                0.052125440572062046,
                0.9983799989380152
            ]
        ]
    }
}