{
    "essentialMatrix": [
        [
            0.09250623946321405,
            -1.7668327785427138,
            -0.9610681642592472
        ],
        [
            -1.223613825325869,
            1.3415156320660124,
            33.501644018106454
        ],
        [
            1.0613938470209376,
            -33.47487115135576,
            1.4325669305911328
        ]
    ],
    "fundamentalMatrix": [
        [
            2.458749825063098e-07,
            -4.693406390728476e-06,
            -9.364518828701485e-05
        ],
        [
            -3.2445682083016925e-06,
            3.555147859592809e-06,
            0.05214712302228342
        ],
        [
            0.0026202842495441246,
            -0.052308566427328756,
            1.0
        ]
    ],
    "grayImageSizeL": [
        640,
        360
    ],
    "grayImageSizeR": [
        640,
        360
    ],
    "imageSizeL": [
        640,
        360,
        3
    ],
    "imageSizeR": [
        640,
        360,
        3
    ],
    "left": {
        "cameraMatrix": [
            [
                592.63974228956,
                0.0,
                188.47568825177206
            ],
            [
                0.0,
                592.9818145949041,
                312.47351841211093
            ],
            [
                0.0,
                0.0,
                1.0
            ]
        ],
        "distortionCoeffs": [
            [
                0.01688684386683953,
                -0.1725537189764127,
                0.0007494477323625888,
                -0.0002145479366446309,
                0.32680456693228277
            ]
        ]
    },
    "right": {
        "cameraMatrix": [
            [
                585.4467804324747,
                0.0,
                183.59418598387145
            ],
            [
                0.0,
                586.8379677085893,
                312.46568551962315
            ],
            [
                0.0,
                0.0,
                1.0
            ]
        ],
        "distortionCoeffs": [
            [
                0.007210272424328378,
                -0.14694214982848985,
                0.00319588213347222,
                0.0008657199964787282,
                0.292373614016634
            ]
        ]
    },
    "stereoRotationMatrix": [
        [
            0.9961322078658847,
            0.004419823297542715,
            0.08775585230773082
        ],
        [
            -0.0009056645331660168,
            0.9991974980516338,
            -0.040044221294822005
        ],
        [
            -0.08786241644748415,
            0.03980986120766826,
            0.9953368127054455
        ]
    ],
    "stereoTranslationMatrix": [
        [
            -33.50633479598668
        ],
        [
            -1.0350517128331245
        ],
        [
            1.7270134451666685
        ]
    ]
}